,accuracy,precision,recall,f1
Logistic Regression,0.7932960893854749,0.7666666666666667,0.6666666666666666,0.7131782945736435
Decision Tree,0.7988826815642458,0.7323943661971831,0.7536231884057971,0.7428571428571429
Random Forest (default),0.8100558659217877,0.7868852459016393,0.6956521739130435,0.7384615384615385
Random Forest (best),0.7988826815642458,0.8,0.6376811594202898,0.7096774193548387
